0,nospec_no_specifier_test,1616588665,0
1,nospec_empty_string,1616588665,0
2,nospec_some_escaped_chars,1616588665,0
3,nospec_successive_5_5,1616588665,0
4,nospec_successive_2_9,1616588665,0
5,nospec_successive_8_3,1616588665,0
6,pct_basic,1616588665,1616255367
7,pct_5w,1616588665,1616523470
8,pct_5wlj,1616588665,1616523470
9,pct_5wzp,1616588665,1616523470
10,pct_5wljzp,1616588665,1616523470
11,nocrash_nullspec_basic,1616588665,0
12,nocrash_nullspec_5w,1616588665,0
13,nocrash_nullspec_5wzp,1616588665,0
14,nocrash_nullspec_5wzplj,1616588665,0
15,nocrash_nullspec_5wlj,1616588665,0
16,s_basic_string_expansion,1616588665,0
17,s_only_string_expansion,1616588665,0
18,s_two_string_expansions,1616588665,0
19,s_two_string_expansions2,1616588665,0
20,s_empty_string_expansion,1616588665,0
21,s_full_then_empty_string,1616588665,0
22,s_empty_then_full_string,1616588665,0
23,s_three_strings,1616588665,0
24,s_space_padded_field_width,1616588665,1616239555
25,s_space_padded_field_width2,1616588665,1616239555
26,s_space_padded_over_field_width,1616588665,0
27,s_space_padded_field_width_lj,1616588665,1616239555
28,s_space_padded_field_width2_lj,1616588665,1616239555
29,s_space_padded_over_field_width_lj,1616588665,0
30,s_string_prec_notrunc,1616588665,1616239555
31,s_string_prec_trunc,1616588665,1616239555
32,s_string_prec_default,1616588665,1616239555
33,s_string_prec_zero,1616588665,1616239555
34,s_two_strings_prec_2trunc,1616588665,1616239555
35,s_two_strings_prec_1trunc_a,1616588665,1616239555
36,s_two_strings_prec_1trunc_b,1616588665,1616239555
37,s_two_strings_prec_0trunc,1616588665,1616239555
38,s_string_prec_width_notrunc,1616588665,1616239555
39,s_string_prec_width_trunc,1616588665,1616239555
40,s_string_prec_width_notrunc_lj,1616588665,1616239555
41,s_string_prec_width_trunc_lj,1616588665,1616239555
42,s_two_s_prec_width_2fit_0trunc,1616588665,1616239555
43,s_two_s_prec_width_1fit_a_0trunc,1616588665,1616239555
44,s_two_s_prec_width_1fit_b_0trunc,1616588665,1616239555
45,s_two_s_prec_width_0fit_0trunc,1616588665,1616239555
46,s_two_s_prec_width_2fit_1trunc_a,1616588665,1616239555
47,s_two_s_prec_width_1fit_a_1trunc_a,1616588665,1616239555
48,s_two_s_prec_width_1fit_b_1trunc_a,1616588665,1616239555
49,s_two_s_prec_width_0fit_1trunc_a,1616588665,1616239555
50,s_two_s_prec_width_2fit_1trunc_b,1616588665,1616239555
51,s_two_s_prec_width_1fit_a_1trunc_b,1616588665,1616239555
52,s_two_s_prec_width_1fit_b_1trunc_b,1616588665,1616239555
53,s_two_s_prec_width_0fit_1trunc_b,1616588665,1616239555
54,s_two_s_prec_width_2fit_2trunc,1616588665,1616239555
55,s_two_s_prec_width_1fit_a_2trunc,1616588665,1616239555
56,s_two_s_prec_width_1fit_b_2trunc,1616588665,1616239555
57,s_two_s_prec_width_0fit_2trunc,1616588665,1616239555
58,s_two_s_prec_width_2trunc,1616588665,1616239555
59,s_two_strings_lj_and_rj,1616588665,1616239555
60,s_two_strings_rj_and_lj,1616588665,1616239555
61,s_null_basic_string_expansion,1616588665,0
62,s_null_only_string_expansion,1616588665,0
63,s_null_space_padded_field_width,1616588665,1616239555
64,s_null_space_padded_over_field_width,1616588665,0
65,s_null_space_padded_field_width_lj,1616588665,1616239555
66,s_null_space_padded_field_width2_lj,1616588665,1616239555
67,s_null_space_padded_over_field_width_lj,1616588665,0
68,s_null_string_prec_notrunc,1616588665,0
69,s_null_string_prec_trunc,1616588665,1616239555
70,s_null_string_prec_default,1616588665,1616239555
71,s_null_string_prec_zero,1616588665,1616239555
72,s_basic_s_hidden,1616588665,0
73,s_width_3_s_hidden,1616588665,1616239555
74,s_width_9_s_hidden,1616588665,1616239555
75,s_prec_no_width_s_hidden,1616588665,1616239555
76,s_prec_9_no_width_s_hidden,1616588665,1616239555
77,s_prec_03_no_width_s_hidden,1616588665,1616239555
78,s_prec_09_no_width_s_hidden,1616588665,1616239555
79,s_prec_03_no_width_s_null,1616588665,1616239555
80,s_prec_09_no_width_s_null,1616588665,1616239555
81,s_prec_00_no_width_s_nullchar,1616588665,0
82,s_prec_01_no_width_s_nullchar,1616588665,1616239555
83,s_prec_03_no_width_s_nullchar,1616588665,1616088565
84,s_prec_09_no_width_s_nullchar,1616588665,1616088565
85,s_prec_0_width_3_s_hidden,1616588665,1616239555
86,s_prec_0_width_10_s_hidden,1616588665,1616239555
87,s_prec_0_width_3_s_null,1616588665,1616239555
88,s_prec_0_width_10_s_null,1616588665,1616239555
89,s_prec_0_width_1_s_nullchar,1616588665,0
90,s_prec_0_width_2_s_nullchar,1616588665,0
91,s_prec_0_width_9_s_nullchar,1616588665,0
92,s_prec_0_lj_width_3_s_hidden,1616588665,1616239555
93,s_prec_0_lj_width_8_s_hidden,1616588665,1616239555
94,s_prec_0_lj_width_3_s_null,1616588665,1616239555
95,s_prec_0_lj_width_8_s_null,1616588665,1616239555
96,s_prec_0_lj_width_1_s_nullchar,1616588665,1616239555
97,s_prec_0_lj_width_2_s_nullchar,1616588665,1616239555
98,s_prec_0_lj_width_6_s_nullchar,1616588665,1616239555
99,s_prec_1_width_3_s_hidden,1616588665,1616239555
100,s_prec_1_width_10_s_hidden,1616588665,1616239555
101,s_prec_1_width_3_s_null,1616588665,1616239555
102,s_prec_1_width_9_s_null,1616588665,1616239555
103,s_prec_1_lj_width_3_s_hidden,1616588665,1616239555
104,s_prec_1_lj_width_10_s_hidden,1616588665,1616239555
105,s_prec_1_lj_width_3_s_null,1616588665,1616239555
106,s_prec_1_lj_width_9_s_null,1616588665,1616239555
107,s_prec_1_lj_width_3_s_nullchar,1616588665,1616239555
108,s_prec_1_lj_width_6_s_nullchar,1616588665,1616239555
109,s_prec_perfect_width_3_s_hidden,1616588665,0
110,s_prec_perfect_width_20_s_hidden,1616588665,1616239555
111,s_prec_perfect_width_3_s_null,1616588665,0
112,s_prec_perfect_width_20_s_null,1616588665,1616239555
113,s_prec_perfect_width_3_s_nullchar,1616588665,1616239555
114,s_prec_perfect_width_6_s_nullchar,1616588665,1616239555
115,s_prec_perfect_lj_width_3_s_hidden,1616588665,0
116,s_prec_perfect_lj_width_20_s_hidden,1616588665,1616239555
117,s_prec_8_lj_width_3_s_hidden,1616588665,0
118,s_prec_8_lj_width_10_s_hidden,1616588665,1616239555
119,s_prec_8_lj_width_3_s_null,1616588665,0
120,s_prec_8_lj_width_10_s_null,1616588665,1616239555
121,s_prec_00_lj_s_hidden_trunc,1616588665,1616239555
122,s_prec_09_lj_s_hidden_notrunc,1616588665,1616088565
123,s_undefbehav_0_2zero,1616588665,0
124,s_undefbehav_0_3zero,1616588665,0
125,s_undefbehav_0_4zero,1616588665,0
126,s_undefbehav_0_lj_2zero,1616588665,0
127,s_undefbehav_0_zero_lj_zero,1616588665,0
128,s_undefbehav_0_2zero_lj,1616588665,0
129,s_undefbehav_0_width_3,1616588665,0
130,s_undefbehav_0_width_9,1616588665,1616239555
131,s_undefbehav_lj_0_width_3,1616588665,1616239555
132,s_undefbehav_lj_0_width_9,1616588665,1616239555
133,i_basic_i_pos,1616588665,1616255367
134,i_basic_i_neg,1616588665,1616255367
135,i_basic_i_zero,1616588665,1616255367
136,i_basic_i_onlypos,1616588665,1616255367
137,i_basic_i_onlyneg,1616588665,1616255367
138,i_basic_i_onlyzero,1616588665,1616255367
139,d_basic_pos,1616588665,1616255367
140,d_basic_neg,1616588665,1616255367
141,d_basic_zero,1616588665,1616255367
142,i_intmax,1616588665,1616255367
143,i_intmin,1616588665,1616255367
144,i_width_pos_fits,1616588665,1616255367
145,i_width_neg_fits,1616588665,1616255367
146,i_width_zero_fits,1616588665,1616255367
147,i_width_pos_exactfit,1616588665,1616255367
148,i_width_neg_exactfit,1616588665,1616255367
149,i_width_pos_nofit,1616588665,1616255367
150,i_width_neg_nofit,1616588665,1616255367
151,i_width_pos_fits_lj,1616588665,1616255367
152,i_width_neg_fits_lj,1616588665,1616255367
153,i_width_zero_fits_lj,1616588665,1616255367
154,i_width_pos_exactfit_lj,1616588665,1616255367
155,i_width_neg_exactfit_lj,1616588665,1616255367
156,i_width_pos_nofit_lj,1616588665,1616255367
157,i_width_neg_nofit_lj,1616588665,1616255367
158,i_prec_fits_pos,1616588665,1616255367
159,i_prec_fits_neg,1616588665,1616255367
160,i_prec_fits_zero,1616588665,1616255367
161,i_prec_exactfit_pos,1616588665,1616255367
162,i_prec_exactfit_neg,1616588665,1616255367
163,i_prec_nofit_pos,1616588665,1616255367
164,i_prec_nofit_neg,1616588665,1616255367
165,i_zp_pos_fits,1616588665,1616255367
166,i_zp_neg_fits,1616588665,1616255367
167,i_zp_zero_fits,1616588665,1616255367
168,i_zp_pos_exactfit,1616588665,1616255367
169,i_zp_neg_exactfit,1616588665,1616255367
170,i_zp_neg_minus1fit,1616588665,1616255367
171,i_prec_width_fit_fit_pos,1616588665,1616255367
172,i_prec_width_fit_fit_neg,1616588665,1616255367
173,i_prec_width_fit_fit_zero,1616588665,1616255367
174,i_prec_width_nofit_fit_pos,1616588665,1616255367
175,i_prec_width_nofit_fit_neg,1616588665,1616255367
176,i_prec_width_fit_nofit_pos,1616588665,1616255367
177,i_prec_width_fit_nofit_neg,1616588665,1616255367
178,i_prec_width_nofit_nofit_pos,1616588665,1616255367
179,i_prec_width_nofit_nofit_neg,1616588665,1616255367
180,i_prec_width_fit_fit_pos_lj,1616588665,1616255367
181,i_prec_width_fit_fit_neg_lj,1616588665,1616255367
182,i_prec_width_fit_fit_zero_lj,1616588665,1616255367
183,i_prec_width_nofit_fit_pos_lj,1616588665,1616255367
184,i_prec_width_nofit_fit_neg_lj,1616588665,1616255367
185,i_prec_width_fit_nofit_pos_lj,1616588665,1616255367
186,i_prec_width_fit_nofit_neg_lj,1616588665,1616255367
187,i_prec_width_nofit_nofit_pos_lj,1616588665,1616255367
188,i_prec_width_nofit_nofit_neg_lj,1616588665,1616255367
189,i_prec_width_ff_pos_zp,1616588665,1616255367
190,i_prec_width_ff_neg_zp,1616588665,1616255367
191,i_prec_width_ff_zero_zp,1616588665,1616255367
192,i_prec_width_nf_pos_zp,1616588665,1616255367
193,i_prec_width_nf_neg_zp,1616588665,1616255367
194,i_prec_width_fn_pos_zp,1616588665,1616255367
195,i_prec_width_fn_neg_zp,1616588665,1616255367
196,i_prec_width_nn_pos_zp,1616588665,1616255367
197,i_prec_width_nn_neg_zp,1616588665,1616255367
198,i_prec_width_ff_pos_lj_zp_ignoreflag,1616588665,1616255367
199,i_prec_width_ff_neg_ljzp_ignoreflag,1616588665,1616255367
200,i_prec_width_ff_zero_ljzp_ignoreflag,1616588665,1616255367
201,i_prec_width_nf_pos_ljzp_ignoreflag,1616588665,1616255367
202,i_prec_width_nf_neg_ljzp_ignoreflag,1616588665,1616255367
203,i_prec_width_fn_pos_ljzp_ignoreflag,1616588665,1616255367
204,i_prec_width_fn_neg_ljzp_ignoreflag,1616588665,1616255367
205,i_prec_width_nn_pos_ljzp_ignoreflag,1616588665,1616255367
206,i_prec_width_nn_neg_ljzp_ignoreflag,1616588665,1616255367
207,i_size_follows_i_i,1616588665,1616255367
208,i_prec0val0_basic,1616588665,1616239555
209,i_prec0val0_implicit,1616588665,1616239555
210,i_prec0val0_w,1616588665,1616239555
211,i_prec0val0_w_impl,1616588665,1616239555
212,i_prec0val0_wlj,1616588665,1616239555
213,i_prec0val0_wlj_impl,1616588665,1616239555
214,d_basic_i_pos,1616588665,1616255367
215,d_basic_i_neg,1616588665,1616255367
216,d_basic_i_zero,1616588665,1616255367
217,d_basic_i_onlypos,1616588665,1616255367
218,d_basic_i_onlyneg,1616588665,1616255367
219,d_basic_i_onlyzero,1616588665,1616255367
220,d_intmax,1616588665,1616255367
221,d_intmin,1616588665,1616255367
222,d_width_pos_fits,1616588665,1616255367
223,d_width_neg_fits,1616588665,1616255367
224,d_width_zero_fits,1616588665,1616255367
225,d_width_pos_exactfit,1616588665,1616255367
226,d_width_neg_exactfit,1616588665,1616255367
227,d_width_pos_nofit,1616588665,1616255367
228,d_width_neg_nofit,1616588665,1616255367
229,d_width_pos_fits_lj,1616588665,1616255367
230,d_width_neg_fits_lj,1616588665,1616255367
231,d_width_zero_fits_lj,1616588665,1616255367
232,d_width_pos_exactfit_lj,1616588665,1616255367
233,d_width_neg_exactfit_lj,1616588665,1616255367
234,d_width_pos_nofit_lj,1616588665,1616255367
235,d_width_neg_nofit_lj,1616588665,1616255367
236,d_prec_fits_pos,1616588665,1616255367
237,d_prec_fits_neg,1616588665,1616255367
238,d_prec_fits_zero,1616588665,1616255367
239,d_prec_exactfit_pos,1616588665,1616255367
240,d_prec_exactfit_neg,1616588665,1616255367
241,d_prec_nofit_pos,1616588665,1616255367
242,d_prec_nofit_neg,1616588665,1616255367
243,d_zp_pos_fits,1616588665,1616255367
244,d_zp_neg_fits,1616588665,1616255367
245,d_zp_zero_fits,1616588665,1616255367
246,d_zp_pos_exactfit,1616588665,1616255367
247,d_zp_neg_exactfit,1616588665,1616255367
248,d_zp_neg_minus1fit,1616588665,1616255367
249,d_prec_width_fit_fit_pos,1616588665,1616255367
250,d_prec_width_fit_fit_neg,1616588665,1616255367
251,d_prec_width_fit_fit_zero,1616588665,1616255367
252,d_prec_width_nofit_fit_pos,1616588665,1616255367
253,d_prec_width_nofit_fit_neg,1616588665,1616255367
254,d_prec_width_fit_nofit_pos,1616588665,1616255367
255,d_prec_width_fit_nofit_neg,1616588665,1616255367
256,d_prec_width_nofit_nofit_pos,1616588665,1616255367
257,d_prec_width_nofit_nofit_neg,1616588665,1616255367
258,d_prec_width_fit_fit_pos_lj,1616588665,1616255367
259,d_prec_width_fit_fit_neg_lj,1616588665,1616255367
260,d_prec_width_fit_fit_zero_lj,1616588665,1616255367
261,d_prec_width_nofit_fit_pos_lj,1616588665,1616255367
262,d_prec_width_nofit_fit_neg_lj,1616588665,1616255367
263,d_prec_width_fit_nofit_pos_lj,1616588665,1616255367
264,d_prec_width_fit_nofit_neg_lj,1616588665,1616255367
265,d_prec_width_nofit_nofit_pos_lj,1616588665,1616255367
266,d_prec_width_nofit_nofit_neg_lj,1616588665,1616255367
267,d_prec_width_ff_pos_zp,1616588665,1616255367
268,d_prec_width_ff_neg_zp,1616588665,1616255367
269,d_prec_width_ff_zero_zp,1616588665,1616255367
270,d_prec_width_nf_pos_zp,1616588665,1616255367
271,d_prec_width_nf_neg_zp,1616588665,1616255367
272,d_prec_width_fn_pos_zp,1616588665,1616255367
273,d_prec_width_fn_neg_zp,1616588665,1616255367
274,d_prec_width_nn_pos_zp,1616588665,1616255367
275,d_prec_width_nn_neg_zp,1616588665,1616255367
276,d_prec_width_ff_pos_lj_zp_ignoreflag,1616588665,1616255367
277,d_prec_width_ff_neg_ljzp_ignoreflag,1616588665,1616255367
278,d_prec_width_ff_zero_ljzp_ignoreflag,1616588665,1616255367
279,d_prec_width_nf_pos_ljzp_ignoreflag,1616588665,1616255367
280,d_prec_width_nf_neg_ljzp_ignoreflag,1616588665,1616255367
281,d_prec_width_fn_pos_ljzp_ignoreflag,1616588665,1616255367
282,d_prec_width_fn_neg_ljzp_ignoreflag,1616588665,1616255367
283,d_prec_width_nn_pos_ljzp_ignoreflag,1616588665,1616255367
284,d_prec_width_nn_neg_ljzp_ignoreflag,1616588665,1616255367
285,d_prec0val0_basic,1616588665,1616239555
286,d_prec0val0_implicit,1616588665,1616239555
287,d_prec0val0_w,1616588665,1616239555
288,d_prec0val0_w_impl,1616588665,1616239555
289,d_prec0val0_wlj,1616588665,1616239555
290,d_prec0val0_wlj_impl,1616588665,1616239555
291,u_basic_u_pos,1616588665,1616255367
292,u_basic_u_zero,1616588665,1616255367
293,u_basic_u_onlypos,1616588665,1616255367
294,u_uintmax,1616588665,1616255367
295,u_width_pos_fits,1616588665,1616255367
296,u_width_zero_fits,1616588665,1616255367
297,u_width_pos_exactfit,1616588665,1616255367
298,u_width_pos_nofit,1616588665,1616255367
299,u_width_pos_fits_lj,1616588665,1616255367
300,u_width_zero_fits_lj,1616588665,1616255367
301,u_width_pos_exactfit_lj,1616588665,1616255367
302,u_width_pos_nofit_lj,1616588665,1616255367
303,u_prec_fits_pos,1616588665,1616255367
304,u_prec_fits_zero,1616588665,1616255367
305,u_prec_exactfit_pos,1616588665,1616255367
306,u_prec_nofit_pos,1616588665,1616255367
307,u_zp_pos_fits,1616588665,1616255367
308,u_zp_zero_fits,1616588665,1616255367
309,u_zp_pos_exactfit,1616588665,1616255367
310,u_prec_width_fit_fit_pos,1616588665,1616255367
311,u_prec_width_fit_fit_zero,1616588665,1616255367
312,u_prec_width_nofit_fit_pos,1616588665,1616255367
313,u_prec_width_fit_nofit_pos,1616588665,1616255367
314,u_prec_width_nofit_nofit_pos,1616588665,1616255367
315,u_prec_width_fit_fit_pos_lj,1616588665,1616255367
316,u_prec_width_fit_fit_zero_lj,1616588665,1616255367
317,u_prec_width_nofit_fit_pos_lj,1616588665,1616255367
318,u_prec_width_fit_nofit_pos_lj,1616588665,1616255367
319,u_prec_width_nofit_nofit_pos_lj,1616588665,1616255367
320,u_prec_width_ff_pos_zp,1616588665,1616255367
321,u_prec_width_ff_zero_zp,1616588665,1616255367
322,u_prec_width_nf_pos_zp,1616588665,1616255367
323,u_prec_width_fn_pos_zp,1616588665,1616255367
324,u_prec_width_nn_pos_zp,1616588665,1616255367
325,u_prec_width_ff_pos_ljzp_ignoreflag,1616588665,1616255367
326,u_prec_width_ff_zero_ljzp_ignoreflag,1616588665,1616255367
327,u_prec_width_nf_pos_ljzp_ignoreflag,1616588665,1616255367
328,u_prec_width_fn_pos_ljzp_ignoreflag,1616588665,1616255367
329,u_prec_width_nn_pos_ljzp_ignoreflag,1616588665,1616255367
330,u_prec0val0_basic,1616588665,1616239555
331,u_prec0val0_implicit,1616588665,1616239555
332,u_prec0val0_w,1616588665,1616239555
333,u_prec0val0_w_impl,1616588665,1616239555
334,u_prec0val0_wlj,1616588665,1616239555
335,u_prec0val0_wlj_impl,1616588665,1616239555
336,x_basic_pos,1616588665,1616255367
337,x_basic_zero,1616588665,1616255367
338,x_basic_onlypos,1616588665,1616255367
339,x_hexlmax,1616588665,1616255367
340,x_width_pos_fits,1616588665,1616255367
341,x_width_zero_fits,1616588665,1616255367
342,x_width_pos_exactfit,1616588665,1616255367
343,x_width_pos_nofit,1616588665,1616255367
344,x_width_pos_fits_lj,1616588665,1616255367
345,x_width_zero_fits_lj,1616588665,1616255367
346,x_width_pos_exactfit_lj,1616588665,1616255367
347,x_width_pos_nofit_lj,1616588665,1616255367
348,x_prec_fits_pos,1616588665,1616255367
349,x_prec_fits_zero,1616588665,1616255367
350,x_prec_exactfit_pos,1616588665,1616255367
351,x_prec_nofit_pos,1616588665,1616255367
352,x_zp_pos_fits,1616588665,1616255367
353,x_zp_zero_fits,1616588665,1616255367
354,x_zp_pos_exactfit,1616588665,1616255367
355,x_prec_width_fit_fit_pos,1616588665,1616255367
356,x_prec_width_fit_fit_zero,1616588665,1616255367
357,x_prec_width_nofit_fit_pos,1616588665,1616255367
358,x_prec_width_fit_nofit_pos,1616588665,1616255367
359,x_prec_width_nofit_nofit_pos,1616588665,1616255367
360,x_prec_width_fit_fit_pos_lj,1616588665,1616255367
361,x_prec_width_fit_fit_zero_lj,1616588665,1616255367
362,x_prec_width_nofit_fit_pos_lj,1616588665,1616255367
363,x_prec_width_fit_nofit_pos_lj,1616588665,1616255367
364,x_prec_width_nofit_nofit_pos_lj,1616588665,1616255367
365,x_prec_width_ff_pos_zp,1616588665,1616255367
366,x_prec_width_ff_zero_zp,1616588665,1616255367
367,x_prec_width_nf_pos_zp,1616588665,1616255367
368,x_prec_width_fn_pos_zp,1616588665,1616255367
369,x_prec_width_nn_pos_zp,1616588665,1616255367
370,x_prec_width_ff_pos_ljzp_ignoreflag,1616588665,1616255367
371,x_prec_width_ff_zero_ljzp_ignoreflag,1616588665,1616255367
372,x_prec_width_nf_pos_ljzp_ignoreflag,1616588665,1616255367
373,x_prec_width_fn_pos_ljzp_ignoreflag,1616588665,1616255367
374,x_prec_width_nn_pos_ljzp_ignoreflag,1616588665,1616255367
375,x_prec0val0_basic,1616588665,1616239555
376,x_prec0val0_implicit,1616588665,1616239555
377,x_prec0val0_w,1616588665,1616239555
378,x_prec0val0_w_impl,1616588665,1616239555
379,x_prec0val0_wlj,1616588665,1616239555
380,x_prec0val0_wlj_impl,1616588665,1616239555
381,X_basic_hexu_pos,1616588665,1616255367
382,X_basic_hexu_zero,1616588665,1616255367
383,X_basic_hexu_onlypos,1616588665,1616255367
384,X_hexumax,1616588665,1616255367
385,X_width_pos_fits,1616588665,1616255367
386,X_width_zero_fits,1616588665,1616255367
387,X_width_pos_exactfit,1616588665,1616255367
388,X_width_pos_nofit,1616588665,1616255367
389,X_width_pos_fits_lj,1616588665,1616255367
390,X_width_zero_fits_lj,1616588665,1616255367
391,X_width_pos_exactfit_lj,1616588665,1616255367
392,X_width_pos_nofit_lj,1616588665,1616255367
393,X_prec_fits_pos,1616588665,1616255367
394,X_prec_fits_zero,1616588665,1616255367
395,X_prec_exactfit_pos,1616588665,1616255367
396,X_prec_nofit_pos,1616588665,1616255367
397,X_zp_pos_fits,1616588665,1616255367
398,X_zp_zero_fits,1616588665,1616255367
399,X_zp_pos_exactfit,1616588665,1616255367
400,X_prec_width_fit_fit_pos,1616588665,1616255367
401,X_prec_width_fit_fit_zero,1616588665,1616255367
402,X_prec_width_nofit_fit_pos,1616588665,1616255367
403,X_prec_width_fit_nofit_pos,1616588665,1616255367
404,X_prec_width_nofit_nofit_pos,1616588665,1616255367
405,X_prec_width_fit_fit_pos_lj,1616588665,1616255367
406,X_prec_width_fit_fit_zero_lj,1616588665,1616255367
407,X_prec_width_nofit_fit_pos_lj,1616588665,1616255367
408,X_prec_width_fit_nofit_pos_lj,1616588665,1616255367
409,X_prec_width_nofit_nofit_pos_lj,1616588665,1616255367
410,X_prec_width_ff_pos_zp,1616588665,1616255367
411,X_prec_width_ff_zero_zp,1616588665,1616255367
412,X_prec_width_nf_pos_zp,1616588665,1616255367
413,X_prec_width_fn_pos_zp,1616588665,1616255367
414,X_prec_width_nn_pos_zp,1616588665,1616255367
415,X_prec_width_ff_pos_ljzp_ignoreflag,1616588665,1616255367
416,X_prec_width_ff_zero_ljzp_ignoreflag,1616588665,1616255367
417,X_prec_width_nf_pos_ljzp_ignoreflag,1616588665,1616255367
418,X_prec_width_fn_pos_ljzp_ignoreflag,1616588665,1616255367
419,X_prec_width_nn_pos_ljzp_ignoreflag,1616588665,1616255367
420,X_prec0val0_basic,1616588665,1616239555
421,X_prec0val0_implicit,1616588665,1616239555
422,X_prec0val0_w,1616588665,1616239555
423,X_prec0val0_w_impl,1616588665,1616239555
424,X_prec0val0_wlj,1616588665,1616239555
425,X_prec0val0_wlj_impl,1616588665,1616239555
426,p_null,1616588665,1616255367
427,p_null_width_fit,1616588665,1616255367
428,p_null_width_nofit,1616588665,1616255367
429,p_void,1616588665,1616239555
430,p_void_width_fit,1616588665,1616524880
431,p_void_width_nofit,1616588665,1616239555
432,p_ftfc_literal_9w_prec2_undefbehav,1616588665,1616255367
433,p_ftfc_literal_2w_prec9_undefbehav,1616588665,1616255367
434,p_ftfc_zero_prec5_undefbehav,1616588665,1616255367
435,p_ftfc_zero_prec0_undefbehav,1616588665,1616239555
436,p_ftfc_5w_throwswarning,1616588665,1616255367
437,p_basic,1616588665,1616255367
438,p_width_fit,1616588665,1616255367
439,p_width_nofit,1616588665,1616255367
440,p_width_16,1616588665,1616255367
441,p_width_8,1616588665,1616255367
442,p_width_32,1616588665,1616255367
443,p_width_fit_lj,1616588665,1616255367
444,p_width_nofit_lj,1616588665,1616255367
445,p_width_16_lj,1616588665,1616255367
446,p_width_8_lj,1616588665,1616255367
447,p_width_32_lj,1616588665,1616255367
448,c_allprintable_combined,1616588665,1616255367
449,c_1_31_combined,1616588665,1616255367
450,c_128_255_combined,1616588665,1616255367
451,c_allprintable_width,1616588665,1616523470
452,c_1_31_width,1616588665,1616523470
453,c_128_255_width,1616588665,1616523470
454,c_allprintable_width_lj,1616588665,1616523470
455,c_1_31_width_lj,1616588665,1616523470
456,c_128_255_width_lj,1616588665,1616523470
457,c_nullterm_basic,1616588665,0
458,c_nullterm_5w,1616588665,1616239555
459,c_nullterm_5wlj,1616588665,1616239555
460,mix_successive_0,1616588665,1616255367
461,mix_successive_4,1616588665,1616255367
462,mix_successive_6,1616588665,1616255367
463,mix_successive_10,1616588665,1616255367
464,mix_successive_16,1616588665,1616255367
465,mix_successive_20,1616588665,1616255367
466,mix_successive_21,1616588665,1616255367
467,mix_successive_28,1616588665,1616255367
468,mix_successive_30,1616588665,1616255367
469,mix_successive_31,1616588665,1616255367
470,mix_successive_32,1616588665,1616255367
471,mix_successive_39,1616588665,1616255367
472,mix_successive_40,1616588665,1616255367
473,mix_successive_42,1616588665,1616255367
474,mix_successive_43,1616588665,1616255367
475,mix_successive_45,1616588665,1616255367
476,mix_successive_46,1616588665,1616255367
477,mix_successive_61,1616588665,1616255367
478,mix_successive_64,1616588665,1616255367
479,nocrash_noarg_1_notmandatory,1616588665,0
480,nocrash_noarg_2_notmandatory,1616588665,0
481,nocrash_noarg_3_notmandatory,1616588665,0
482,nocrash_noarg_4_notmandatory,1616588665,0
483,nocrash_noarg_5_notmandatory,1616588665,0
484,nocrash_noarg_6_notmandatory,1616588665,0
485,nocrash_noarg_9_notmandatory,1616588665,0
486,nocrash_noarg_10_notmandatory,1616588665,0
487,nocrash_noarg_11_notmandatory,1616588665,0
488,nocrash_noarg_12_notmandatory,1616588665,0
489,nocrash_noarg_13_notmandatory,1616588665,0
490,nocrash_noarg_14_notmandatory,1616588665,0
491,nocrash_noarg_15_notmandatory,1616588665,0
492,nocrash_noarg_16_notmandatory,1616588665,0
493,nocrash_noarg_17_notmandatory,1616588665,0
494,nocrash_noarg_19_notmandatory,1616588665,0
495,nocrash_noarg_20_notmandatory,1616588665,0
496,nocrash_noarg_21_notmandatory,1616588665,0
497,nocrash_noarg_22_notmandatory,1616588665,0
498,nocrash_noarg_24_notmandatory,1616588665,0
499,nocrash_noarg_25_notmandatory,1616588665,0
500,nocrash_nullarg_1,1616588665,0
501,nocrash_nullarg_2,1616588665,0
502,nocrash_nullarg_3,1616588665,0
503,nocrash_nullarg_4,1616588665,0
504,nocrash_nullarg_5,1616588665,0
505,nocrash_nullarg_6,1616588665,0
506,nocrash_nullarg_9,1616588665,0
507,nocrash_nullarg_10,1616588665,0
508,nocrash_nullarg_11,1616588665,0
509,nocrash_nullarg_12,1616588665,0
510,nocrash_nullarg_13,1616588665,0
511,nocrash_nullarg_14,1616588665,0
512,nocrash_nullarg_15,1616588665,0
513,nocrash_nullarg_16,1616588665,1616091489
514,nocrash_nullarg_17,1616588665,0
515,nocrash_nullarg_18,1616588665,0
516,nocrash_nullarg_19,1616588665,0
517,nocrash_nullarg_20,1616588665,0
518,nocrash_nullarg_21,1616588665,0
519,nocrash_nullarg_22,1616588665,0
520,nocrash_nullarg_23,1616588665,0
521,nocrash_nullarg_24,1616588665,0
522,nocrash_nullarg_25,1616588665,0
523,nocrash_mandatory_wformat_undefbehav_01,1616588665,0
524,nocrash_mandatory_wformat_undefbehav_02,1616588665,0
525,nocrash_mandatory_wformat_undefbehav_03,1616588665,0
526,nocrash_mandatory_wformat_undefbehav_04,1616588665,0
527,nocrash_mandatory_wformat_undefbehav_05,1616588665,0
528,nocrash_mandatory_wformat_undefbehav_06,1616588665,0
529,nocrash_mandatory_wformat_undefbehav_07,1616588665,0
530,nocrash_mandatory_wformat_undefbehav_38,1616588665,0
531,nocrash_mandatory_wformat_undefbehav_39,1616588665,0
532,nocrash_mandatory_dupflag_d_spsp,1616588665,0
533,nocrash_mandatory_dupflag_d_ljljw,1616588665,0
534,nocrash_mandatory_dupflag_x_afaf,1616588665,0
535,nocrash_mandatory_c_prec_1,1616588665,0
536,nocrash_mandatory_c_prec_2,1616588665,0
537,nocrash_mandatory_c_af,1616588665,0
538,nocrash_mandatory_c_zp_1,1616588665,0
539,nocrash_mandatory_c_zp_2,1616588665,0
540,nocrash_mandatory_c_sp_1,1616588665,0
541,nocrash_mandatory_c_sp_2,1616588665,0
542,nocrash_mandatory_c_size_hh,1616588665,0
543,nocrash_mandatory_c_size_h,1616588665,0
544,nocrash_mandatory_c_size_l,1616588665,0
545,nocrash_mandatory_c_size_ll,1616588665,0
546,nocrash_mandatory_c_size_L,1616588665,0
547,nocrash_mandatory_c_lj_nowidth,1616588665,1616239555
548,nocrash_mandatory_s_af,1616588665,0
549,nocrash_mandatory_s_zp_1,1616588665,0
550,nocrash_mandatory_s_zp_2,1616588665,0
551,nocrash_mandatory_s_sp_1,1616588665,0
552,nocrash_mandatory_s_size_hh,1616588665,0
553,nocrash_mandatory_s_size_h,1616588665,0
554,nocrash_mandatory_s_size_l,1616588665,0
555,nocrash_mandatory_s_size_ll,1616588665,0
556,nocrash_mandatory_s_size_L,1616588665,0
557,nocrash_mandatory_s_lj_nowidth,1616588665,0
558,nocrash_mandatory_p_prec_1,1616588665,0
559,nocrash_mandatory_p_prec_2,1616588665,0
560,nocrash_mandatory_p_af,1616588665,0
561,nocrash_mandatory_p_zp_1,1616588665,0
562,nocrash_mandatory_p_zp_2,1616588665,0
563,nocrash_mandatory_p_sp_1,1616588665,0
564,nocrash_mandatory_p_sp_2,1616588665,0
565,nocrash_mandatory_p_size_hh,1616588665,0
566,nocrash_mandatory_p_size_h,1616588665,0
567,nocrash_mandatory_p_size_l,1616588665,0
568,nocrash_mandatory_p_size_ll,1616588665,0
569,nocrash_mandatory_p_size_L,1616588665,0
570,nocrash_mandatory_p_lj_nowidth,1616588665,0
571,nocrash_mandatory_d_size_L,1616588665,0
572,nocrash_mandatory_d_af,1616588665,0
573,nocrash_mandatory_d_size_hhh,1616588665,0
574,nocrash_mandatory_d_size_hhhh,1616588665,0
575,nocrash_mandatory_d_size_hhl,1616588665,0
576,nocrash_mandatory_d_size_hhll,1616588665,0
577,nocrash_mandatory_d_size_llh,1616588665,0
578,nocrash_mandatory_d_size_lll,1616588665,0
579,nocrash_mandatory_i_size_L,1616588665,0
580,nocrash_mandatory_i_af,1616588665,0
581,nocrash_mandatory_i_size_hhh,1616588665,0
582,nocrash_mandatory_i_lj_nowidth,1616588665,0
583,nocrash_mandatory_o_sp,1616588665,0
584,nocrash_mandatory_o_size_L,1616588665,0
585,nocrash_mandatory_o_size_hhh,1616588665,0
586,nocrash_mandatory_o_size_hhhh,1616588665,0
587,nocrash_mandatory_o_size_hhl,1616588665,0
588,nocrash_mandatory_o_size_hhll,1616588665,0
589,nocrash_mandatory_o_size_llh,1616588665,0
590,nocrash_mandatory_o_size_lll,1616588665,0
591,nocrash_mandatory_o_lj_nowidth,1616588665,0
592,nocrash_mandatory_u_size_L,1616588665,0
593,nocrash_mandatory_u_af,1616588665,0
594,nocrash_mandatory_u_sp,1616588665,0
595,nocrash_mandatory_u_size_hhh,1616588665,0
596,nocrash_mandatory_u_size_hhhh,1616588665,0
597,nocrash_mandatory_u_size_hhl,1616588665,0
598,nocrash_mandatory_u_size_hhll,1616588665,0
599,nocrash_mandatory_u_size_llh,1616588665,0
600,nocrash_mandatory_u_size_lll,1616588665,0
601,nocrash_mandatory_u_lj_nowidth,1616588665,0
602,nocrash_mandatory_x_size_L,1616588665,0
603,nocrash_mandatory_x_sp,1616588665,0
604,nocrash_mandatory_x_size_hhh,1616588665,0
605,nocrash_mandatory_x_size_hhhh,1616588665,0
606,nocrash_mandatory_x_size_hhl,1616588665,0
607,nocrash_mandatory_x_size_hhll,1616588665,0
608,nocrash_mandatory_x_size_llh,1616588665,0
609,nocrash_mandatory_x_size_lll,1616588665,0
610,nocrash_mandatory_X_size_L,1616588665,0
611,nocrash_mandatory_X_sp,1616588665,0
612,nocrash_mandatory_X_size_hhh,1616588665,0
613,nocrash_mandatory_X_size_llh,1616588665,0
614,nocrash_mandatory_x_lj_nowidth,1616588665,0
615,nocrash_mandatory_f_size_hh,1616588665,0
616,nocrash_mandatory_f_size_h,1616588665,0
617,nocrash_mandatory_f_size_ll,1616588665,0
618,nocrash_mandatory_f_size_lll,1616588665,0
619,nocrash_mandatory_f_size_llll,1616588665,0
620,nocrash_mandatory_f_size_LL,1616588665,0
621,nocrash_mandatory_f_size_Ll,1616588665,0
622,nocrash_mandatory_f_size_lL,1616588665,0
623,nocrash_mandatory_f_lj_nowidth,1616588665,1616239555
624,moul_s_1,1616588665,0
625,moul_s_2,1616588665,0
626,moul_s_3,1616588665,0
627,moul_s_4,1616588665,0
628,moul_s_5_this_ones_a_doozy,1616588665,0
629,moul_d_1,1616588665,1616255367
630,moul_d_2,1616588665,1616255367
631,moul_d_3,1616588665,1616255367
632,moul_d_4,1616588665,1616255367
633,moul_d_5,1616588665,1616255367
634,moul_d_6,1616588665,1616255367
635,moul_d_7,1616588665,1616255367
636,moul_d_8,1616588665,1616255367
637,moul_d_9,1616588665,1616255367
638,moul_d_10,1616588665,1616255367
639,moul_d_11,1616588665,1616255367
640,moul_d_12,1616588665,1616255367
641,moul_mix_1,1616588665,1616255367
642,moul_c_1,1616588665,1616255367
643,moul_c_2,1616588665,1616255367
644,moul_c_3,1616588665,1616255367
645,moul_c_4,1616588665,0
646,moul_c_5,1616588665,0
647,moul_c_5b,1616588665,1616255367
648,moul_c_6,1616588665,1616255367
649,moul_c_7,1616588665,1616255367
650,moul_c_8,1616588665,1616255367
651,moul_c_9,1616588665,1616255367
652,moul_c_10,1616588665,1616255367
653,moul_c_11,1616588665,1616255367
654,moul_c_12,1616588665,1616255367
655,moul_c_13,1616588665,1616255367
656,moul_c_14,1616588665,1616255367
657,moul_c_15,1616588665,1616255367
658,moul_c_16,1616588665,1616255367
659,moul_c_17,1616588665,1616255367
660,moul_c_18,1616588665,1616255367
661,moul_c_19,1616588665,1616255367
662,moul_c_20,1616588665,1616255367
663,moul_c_21,1616588665,1616255367
664,moul_c_22,1616588665,1616255367
665,moul_c_23,1616588665,1616255367
666,moul_c_24,1616588665,1616255367
667,moul_c_25,1616588665,1616255367
668,moul_c_26,1616588665,1616255367
669,moul_c_27,1616588665,1616255367
670,moul_c_28,1616588665,1616255367
671,moul_i_1,1616588665,1616255367
672,moul_i_2,1616588665,1616255367
673,moul_i_3,1616588665,1616255367
674,moul_i_4,1616588665,1616255367
675,moul_i_5,1616588665,1616255367
676,moul_i_6,1616588665,1616255367
677,moul_i_7,1616588665,1616255367
678,moul_i_8,1616588665,1616255367
679,moul_i_9,1616588665,1616255367
680,moul_i_10,1616588665,1616255367
681,moul_i_11,1616588665,1616255367
682,moul_i_12,1616588665,1616255367
683,moul_u_1,1616588665,1616255367
684,moul_u_2,1616588665,1616255367
685,moul_u_3,1616588665,1616255367
686,moul_u_4,1616588665,1616255367
687,moul_u_5,1616588665,1616255367
688,moul_u_6,1616588665,1616255367
689,moul_u_7,1616588665,1616255367
690,moul_u_8,1616588665,1616255367
691,moul_u_9,1616588665,1616255367
692,moul_u_10,1616588665,1616255367
693,moul_u_11,1616588665,1616255367
694,moul_u_12,1616588665,1616255367
695,moul_x_1,1616588665,1616255367
696,moul_x_2,1616588665,1616255367
697,moul_x_3,1616588665,1616255367
698,moul_x_4,1616588665,1616255367
699,moul_x_5,1616588665,1616255367
700,moul_x_6,1616588665,1616255367
701,moul_x_7,1616588665,1616255367
702,moul_x_8,1616588665,1616255367
703,moul_x_9,1616588665,1616255367
704,moul_x_10,1616588665,1616255367
705,moul_x_11,1616588665,1616255367
706,moul_x_12,1616588665,1616255367
707,moul_prec_1,1616588665,1616255367
708,moul_prec_3,1616588665,1616255367
709,moul_prec_4,1616588665,1616255367
710,moul_prec_5,1616588665,1616255367
711,moul_zeropad_1,1616588665,1616255367
712,moul_zeropad_2,1616588665,1616255367
713,moul_zeropad_3,1616588665,1616255367
714,moul_zeropad_4,1616588665,1616255367
715,moul_leftjusty_1,1616588665,1616255367
716,moul_leftjusty_2,1616588665,1616255367
717,moul_leftjusty_3,1616588665,1616255367
718,moul_leftjusty_4,1616588665,1616255367
719,moul_leftjusty_5,1616588665,1616255367
720,moul_leftjusty_6,1616588665,1616255367
721,moul_leftjusty_7,1616588665,1616255367
722,moul_notmandatory_star_1,1616588665,1616255367
723,moul_notmandatory_star_3,1616588665,1616255367
724,moul_notmandatory_star_4,1616588665,1616255367
725,moul_notmandatory_star_5,1616588665,1616255367
726,new2019_star_1,1616588665,1616239555
727,new2019_star_2,1616588665,1616239555
728,new2019_star_3,1616588665,0
729,new2019_star_4,1616588665,1616239555
730,new2019_star_5,1616588665,1616239555
731,new2019_star_6,1616588665,1616239555
732,new2019_star_7,1616588665,1616255367
733,new2019_star_8,1616588665,1616255367
734,new2019_star_9,1616588665,1616255367
735,new2019_star_10,1616588665,1616255367
736,new2019_negstar_1,1616588665,1616239555
737,new2019_negstar_2,1616588665,1616239555
738,new2019_negstar_3,1616588665,0
739,new2019_negstar_4,1616588665,1616239555
740,new2019_negstar_5,1616588665,1616239555
741,new2019_negstar_6,1616588665,1616255367
742,new2019_negstar_7,1616588665,1616255367
743,new2019_negstar_8,1616588665,1616255367
744,new2019_negstar_9,1616588665,1616255367
